slug,type,url,status,redirects_to,meta_title,title_len,meta_description,desc_len,robots,canonical,h1,word_count,og_title,og_description,og_image
home,page,https://xomoashro.com/,200,,Pure Himalayan Aftabi Shilajit in Pakistan | Xomoashro,54,"Buy Pure Himalayan Aftabi Shilajit in Pakistan. 65%+ fulvic acid, boosts energy, immunity & focus. Cash on delivery available.",126,"follow, index, max-snippet:-1, max-video-preview:-1, max-image-preview:large",https://xomoashro.com/,Elevate Your Life with Pure Himalayan Aftabi Shilajit,836,Pure Himalayan Aftabi Shilajit in Pakistan | Xomoashro,"Buy Pure Himalayan Aftabi Shilajit in Pakistan. 65%+ fulvic acid, boosts energy, immunity & focus. Cash on delivery available.",
benefits,page,https://xomoashro.com/benefits/,200,,Benefits - Xomorashro,21,,0,"index, follow, max-snippet:-1, max-video-preview:-1, max-image-preview:large",https://xomoashro.com/benefits/,Benefits,222,Benefits - Xomorashro,"Powerful Benefits of Pure Shilajit Sourced from 16,000+ feet in the Himalayas. Lab-tested for purity. Trusted by thousands across Pakistan for natural wellness. This is the heading Lorem ipsum dolor sit amet, consectetur adipiscing elit. Ut elit tellus, luctus nec ullamcorper mattis, pulvinar dapibus leo. This is the heading Lorem ipsum dolor sit amet, consectetur […]",https://xomoashro.com/wp-content/uploads/2025/11/Horo_image_xomoashro.png
about-us,page,https://xomoashro.com/about-us/,200,,About Us - Xomorashro,21,"At Xomorashro, we offer pure shilajit, a natural resin revered for its remarkable health benefits. Discover the ancient remedy today!",133,"follow, index, max-snippet:-1, max-video-preview:-1, max-image-preview:large",https://xomoashro.com/about-us/,About Us,622,About Us - Xomorashro,"At Xomorashro, we offer pure shilajit, a natural resin revered for its remarkable health benefits. Discover the ancient remedy today!",https://xomoashro.com/wp-content/uploads/2025/11/benefits-section-image-1.png
contact-us,page,https://xomoashro.com/contact-us/,200,,Contact US - Xomorashro,23,Contact us today to learn more about incorporating pure shilajit into your daily routine and embark on a journey of holistic health and vitality.,145,"follow, index, max-snippet:-1, max-video-preview:-1, max-image-preview:large",https://xomoashro.com/contact-us/,Contact Us,84,Contact US - Xomorashro,Contact us today to learn more about incorporating pure shilajit into your daily routine and embark on a journey of holistic health and vitality.,
shop,page,https://xomoashro.com/shop/,200,,Shop - Xomorashro,17,Shop our selection of pure Himalayan shilajit at Xomorashro. Discover the natural resin revered for centuries for its remarkable health benefits.,145,"follow, index, max-snippet:-1, max-video-preview:-1, max-image-preview:large",https://xomoashro.com/shop/,Shop,5,Shop - Xomorashro,Shop our selection of pure Himalayan shilajit at Xomorashro. Discover the natural resin revered for centuries for its remarkable health benefits.,
blogs,page,https://xomoashro.com/blogs/,200,,Blogs - Xomorashro,18,"Explore our blog archive for the latest articles on health, wellness, and natural remedies. Stay informed and inspired with our expert insights and tips.",153,"follow, index, max-snippet:-1, max-video-preview:-1, max-image-preview:large",https://xomoashro.com/blogs/,Blogs,232,Blogs - Xomorashro,"Explore our blog archive for the latest articles on health, wellness, and natural remedies. Stay informed and inspired with our expert insights and tips.",
become-distributor,page,https://xomoashro.com/become-distributor/,200,,Become Distributor - Xomorashro,31,,0,"index, follow, max-snippet:-1, max-video-preview:-1, max-image-preview:large",https://xomoashro.com/become-distributor/,Become a Distributor,158,Become Distributor - Xomorashro,Xomoashro Become a Distributor Become a Xomoashro Distributor and earn money How it works Register yourself Wait for Email confirmation Sign-in Order should be on your referral link Get Paid Distributor Application Form,
become-brand-ambassadar,page,https://xomoashro.com/become-brand-ambassadar/,200,,Become Brand Ambassadar - Xomorashro,36,,0,"index, follow, max-snippet:-1, max-video-preview:-1, max-image-preview:large",https://xomoashro.com/become-brand-ambassadar/,AMBASSADAR PROGRAM,497,Become Brand Ambassadar - Xomorashro,"Xomoashro AMBASSADAR PROGRAM Become a Xomoashro Ambassadar and explore new opprtunitities Contact Us How to become an ambassadar? FILL OUT Sign-up Form For Review Submit your form Get your account verified Xomoashro Ambassador Why Should I Buy Shilajit? In the pursuit of a healthier, more fulfilling life, we often seek out the most effective and […]",https://xomoashro.com/wp-content/uploads/2023/12/Group-1000001394-min.png
affiliate-registration,page,https://xomoashro.com/affiliate-registration/,200,,Affiliate Registration - Xomorashro,35,,0,"index, follow, max-snippet:-1, max-video-preview:-1, max-image-preview:large",https://xomoashro.com/affiliate-registration/,Affiliate Registration,7,Affiliate Registration - Xomorashro,[slicewp_affiliate_registration],
affiliate-account,page,https://xomoashro.com/affiliate-account/,200,,Affiliate Account - Xomorashro,30,,0,"index, follow, max-snippet:-1, max-video-preview:-1, max-image-preview:large",https://xomoashro.com/affiliate-account/,Affiliate Account,7,Affiliate Account - Xomorashro,[slicewp_affiliate_account],
affiliate-dashboard,page,https://xomoashro.com/affiliate-dashboard/,200,,Affiliate Dashboard - Xomorashro,32,,0,"index, follow, max-snippet:-1, max-video-preview:-1, max-image-preview:large",https://xomoashro.com/affiliate-dashboard/,Affiliate Dashboard,7,Affiliate Dashboard - Xomorashro,,
affiliate-reset-password,page,https://xomoashro.com/affiliate-reset-password/,200,,Affiliate Reset Password - Xomorashro,37,,0,"index, follow, max-snippet:-1, max-video-preview:-1, max-image-preview:large",https://xomoashro.com/affiliate-reset-password/,Affiliate Reset Password,8,Affiliate Reset Password - Xomorashro,[slicewp_affiliate_reset_password],
cart,page,https://xomoashro.com/cart/,200,,Cart - Xomorashro,17,,0,"follow, index, max-snippet:-1, max-video-preview:-1, max-image-preview:large",https://xomoashro.com/cart/,Cart,6,Cart - Xomorashro,,
checkout,page,https://xomoashro.com/checkout/,200,,Checkout - Xomorashro,21,,0,"follow, index, max-snippet:-1, max-video-preview:-1, max-image-preview:large",https://xomoashro.com/checkout/,Checkout,6,Checkout - Xomorashro,,
my-account,page,https://xomoashro.com/my-account/,200,,My account - Xomorashro,23,,0,"follow, index, max-snippet:-1, max-video-preview:-1, max-image-preview:large",https://xomoashro.com/my-account/,My account,7,My account - Xomorashro,,
privacy-policy,page,https://xomoashro.com/privacy-policy/,200,,Privacy Policy - Xomorashro,27,Read Xomorashro's privacy policy to understand how we protect your personal information and ensure your data remains secure and confidential.,141,"index, follow, max-snippet:-1, max-video-preview:-1, max-image-preview:large",https://xomoashro.com/privacy-policy/,Privacy Policy,412,Privacy Policy - Xomorashro,Read Xomorashro's privacy policy to understand how we protect your personal information and ensure your data remains secure and confidential.,
terms-and-conditions,page,https://xomoashro.com/terms-and-conditions/,200,,Terms and Conditions - Xomorashro,33,"Review Xomorashro's terms and conditions to understand our policies, user responsibilities, and legal agreements for using our website and services.",148,"index, follow, max-snippet:-1, max-video-preview:-1, max-image-preview:large",https://xomoashro.com/terms-and-conditions/,Terms and Conditions,450,Terms and Conditions - Xomorashro,"Review Xomorashro's terms and conditions to understand our policies, user responsibilities, and legal agreements for using our website and services.",
shipping-returns,page,https://xomoashro.com/shipping-returns/,200,,Shipping & Returns - Xomorashro,31,"Learn about Xomorashro's shipping policy, including delivery times, shipping rates, and international shipping options. Shop with confidence today!",147,"index, follow, max-snippet:-1, max-video-preview:-1, max-image-preview:large",https://xomoashro.com/shipping-returns/,Shipping & Returns,359,Shipping & Returns - Xomorashro,"Learn about Xomorashro's shipping policy, including delivery times, shipping rates, and international shipping options. Shop with confidence today!",
home-2,page,https://xomoashro.com/home-2/,200,,Home - Xomorashro,17,Pure Himalayan Shilajit: Boost your energy and well-being with our natural products. Start feeling your best every day,118,"follow, index, max-snippet:-1, max-video-preview:-1, max-image-preview:large",https://xomoashro.com/home-2/,Elevate Your Life with Pure Himalayan Shilajit,897,Home - Xomorashro,Pure Himalayan Shilajit: Boost your energy and well-being with our natural products. Start feeling your best every day,https://xomoashro.com/wp-content/uploads/2025/11/xomoashro_pure_Himaliyan_shilajit.png
404-error,page,https://xomoashro.com/404-error/,200,,404 Error - Xomorashro,22,,0,"follow, index, max-snippet:-1, max-video-preview:-1, max-image-preview:large",https://xomoashro.com/404-error/,404,17,404 Error - Xomorashro,404 We Cant Find Page You Are Looking For Back To Home,
sample-page,page,https://xomoashro.com/sample-page/,200,,Sample Page - Xomorashro,24,,0,"follow, index, max-snippet:-1, max-video-preview:-1, max-image-preview:large",https://xomoashro.com/sample-page/,Sample Page,161,Sample Page - Xomorashro,This is an example page. It’s different from a blog post because it will stay in one place and will show up in your site navigation (in most themes). Most people start with an About page that introduces them to potential site visitors. It might say something like this: Hi there! I’m a bike messenger […],
post--what-is-shilajit,post,https://xomoashro.com/what-is-shilajit/,200,,"What Is Shilajit (Salajeet)? Benefits, Uses & Purity",52,"Shilajit (salajeet) is a Himalayan mineral resin rich in fulvic acid. Learn what it's made of, what it really does, and how to spot pure vs fake.",145,"index, follow, max-snippet:-1, max-video-preview:-1, max-image-preview:large",https://xomoashro.com/what-is-shilajit/,"What Is Shilajit? A Clear, Honest Guide to Salajeet",2026,"What Is Shilajit (Salajeet)? Benefits, Uses & Purity","Shilajit (salajeet) is a Himalayan mineral resin rich in fulvic acid. Learn what it's made of, what it really does, and how to spot pure vs fake.",https://xomoashro.com/wp-content/uploads/2023/12/Pure-Shilajit-2.png
post--shilajit-during-pregnancy,post,https://xomoashro.com/shilajit-during-pregnancy/,200,,Use Of Shilajit During Pregnancy: A Comprehensive Guide - Xomorashro,68,"In this blog post, we embark on a nuanced exploration of the considerations surrounding the consumption of Shilajit during pregnancy. Delving into its potential benefits and possible concerns",191,"index, follow, max-snippet:-1, max-video-preview:-1, max-image-preview:large",https://xomoashro.com/shilajit-during-pregnancy/,Use Of Shilajit During Pregnancy: A Comprehensive Guide,1872,Use Of Shilajit During Pregnancy: A Comprehensive Guide - Xomorashro,"In this blog post, we embark on a nuanced exploration of the considerations surrounding the consumption of Shilajit during pregnancy. Delving into its potential benefits and possible concerns",https://xomoashro.com/wp-content/uploads/2024/01/Shilajit-During-Pregnancy.jpg
post--exploring-shilajits-impact-on-testosterone,post,https://xomoashro.com/exploring-shilajits-impact-on-testosterone/,200,,Exploring Shilajit's Impact on Testosterone: A Journey into Men's Health - Xomorashro,85,Embark on an educational journey exploring the Shilajit's Impact on Testosterone levels in men.,95,"index, follow, max-snippet:-1, max-video-preview:-1, max-image-preview:large",https://xomoashro.com/exploring-shilajits-impact-on-testosterone/,Exploring Shilajit’s Impact on Testosterone: A Journey into Men’s Health,1474,Exploring Shilajit's Impact on Testosterone: A Journey into Men's Health - Xomorashro,Embark on an educational journey exploring the Shilajit's Impact on Testosterone levels in men.,https://xomoashro.com/wp-content/uploads/2024/01/Shilajits-Impact-on-Testosterone-2.jpg
post--best-shilajit-breakdown-traditional-medicines,post,https://xomoashro.com/best-shilajit-breakdown-traditional-medicines/,200,,Best Shilajit Breakdown: Traditional Medicine's Trusted Wellness Companion - Xomorashro,87,"Best Shilajit, a potent mineral substance with centuries-old roots in traditional medicine, manifests in a captivating array of forms, each distinguished by its mineral composition and unique properties.",203,"index, follow, max-snippet:-1, max-video-preview:-1, max-image-preview:large",https://xomoashro.com/best-shilajit-breakdown-traditional-medicines/,Best Shilajit Breakdown: Traditional Medicine’s Trusted Wellness Companion,1704,Best Shilajit Breakdown: Traditional Medicine's Trusted Wellness Companion - Xomorashro,"Best Shilajit, a potent mineral substance with centuries-old roots in traditional medicine, manifests in a captivating array of forms, each distinguished by its mineral composition and unique properties.",https://xomoashro.com/wp-content/uploads/2024/01/Types-of-Shilajit-1.png
post--unlocking-the-potential-of-pure-himalayan-shilajit,post,https://xomoashro.com/unlocking-the-potential-of-pure-himalayan-shilajit/,200,,Unlocking the Potential of Pure Himalayan Shilajit: A Comprehensive Exploration - Xomorashro,92,,0,"index, follow, max-snippet:-1, max-video-preview:-1, max-image-preview:large",https://xomoashro.com/unlocking-the-potential-of-pure-himalayan-shilajit/,Unlocking the Potential of Pure Himalayan Shilajit: A Comprehensive Exploration,1786,Unlocking the Potential of Pure Himalayan Shilajit: A Comprehensive Exploration - Xomorashro,"Introduction Pure Himalayan Shilajit, a mysterious and ancient substance derived from the heart of the Himalayan Mountains, has captured the attention of health enthusiasts and researchers alike. This thick, blackish-brown, sticky resin, known as “Shilajit,” is not merely a traditional remedy but a reservoir of potential benefits for both the physical body and the mind. […]",https://xomoashro.com/wp-content/uploads/2024/01/Pure-Himalayan-Shilajit.jpg
post--how-to-take-shilajit-dosage-tips,post,https://xomoashro.com/how-to-take-shilajit-dosage-tips/,200,,How to Take Shilajit - Dosage Tips and Safety Protocols,55,"Embark on a transformative journey where we uncover the intricacies of Shilajit - Dosage, forms, and precautions.",113,"index, follow, max-snippet:-1, max-video-preview:-1, max-image-preview:large",https://xomoashro.com/how-to-take-shilajit-dosage-tips/,How to Take Shilajit – Dosage Tips and Safety Protocols,1795,How to Take Shilajit - Dosage Tips and Safety Protocols,"Embark on a transformative journey where we uncover the intricacies of Shilajit - Dosage, forms, and precautions.",https://xomoashro.com/wp-content/uploads/2024/01/Shilajit-–-Dosage.jpg
post--shilajit-benefits-for-male-reproductive-system,post,https://xomoashro.com/shilajit-benefits-for-male-reproductive-system/,200,,Shilajit Benefits for Male Reproductive System: - Xomorashro,60,"Shilajit Benefits for Male Reproductive System: Packed with bioactive compounds and fulvic acid, it offers a holistic approach to health.",137,"index, follow, max-snippet:-1, max-video-preview:-1, max-image-preview:large",https://xomoashro.com/shilajit-benefits-for-male-reproductive-system/,Shilajit Benefits for Male Reproductive System:,1789,Shilajit Benefits for Male Reproductive System: - Xomorashro,"Shilajit Benefits for Male Reproductive System: Packed with bioactive compounds and fulvic acid, it offers a holistic approach to health.",https://xomoashro.com/wp-content/uploads/2024/01/Shilajit-Benefits-for-Male-Reproductive-System.jpg
post--what-is-shilajit-types-and-benefits,post,https://xomoashro.com/what-is-shilajit-types-and-benefits/,200,,"What is Shilajit: Types, and Benefits. - Xomorashro",51,Shilajit is a tar-like substance from the Himalayas with a rich history in Ayurvedic medicine. It can boost your energy.,120,"follow, index, max-snippet:-1, max-video-preview:-1, max-image-preview:large",https://xomoashro.com/what-is-shilajit-types-and-benefits/,"What is Shilajit: Types, and Benefits.",1612,"What is Shilajit: Types, and Benefits. - Xomorashro",Shilajit is a tar-like substance from the Himalayas with a rich history in Ayurvedic medicine. It can boost your energy.,https://xomoashro.com/wp-content/uploads/2023/12/shilajit.jpg
post--10-empowering-benefits-of-shilajit-for-women,post,https://xomoashro.com/10-empowering-benefits-of-shilajit-for-women/,200,,10 Empowering Benefits of Shilajit for Women: - Xomorashro,58,"Benefits of Shilajit for Women: Shilajit , a naturally occurring mineral resin formed over millennia in the Himalayas, holds incredible potential for women's health and well-being.",180,"follow, index, max-snippet:-1, max-video-preview:-1, max-image-preview:large",https://xomoashro.com/10-empowering-benefits-of-shilajit-for-women/,10 Empowering Benefits of Shilajit for Women:,2110,10 Empowering Benefits of Shilajit for Women: - Xomorashro,"Benefits of Shilajit for Women: Shilajit , a naturally occurring mineral resin formed over millennia in the Himalayas, holds incredible potential for women's health and well-being.",https://xomoashro.com/wp-content/uploads/2023/12/Benefits-of-Shilajit-for-Women-2-1.jpg
post--shilajit-benefits-for-men-boost-energy,post,https://xomoashro.com/shilajit-benefits-for-men-boost-energy/,200,,"Shilajit Benefits for Men: Boost Energy, Testosterone, and More",63,"Shilajit Benefits for Men: A natural substance derived from the Himalayan mountains, brings to various aspects of our health.",125,"follow, index, max-snippet:-1, max-video-preview:-1, max-image-preview:large",https://xomoashro.com/shilajit-benefits-for-men-boost-energy/,"Shilajit Benefits for Men: Boost Energy, Testosterone, and More",1821,"Shilajit Benefits for Men: Boost Energy, Testosterone, and More","Shilajit Benefits for Men: A natural substance derived from the Himalayan mountains, brings to various aspects of our health.",https://xomoashro.com/wp-content/uploads/2023/12/Shilajit-Benefits-for-Men.jpg
category--benefits-of-shilajit,category,https://xomoashro.com/category/benefits-of-shilajit/,200,,Benefits of Shilajit Archives - Xomorashro,42,,0,"index, follow, max-snippet:-1, max-video-preview:-1, max-image-preview:large",https://xomoashro.com/category/benefits-of-shilajit/,Blogs,232,Benefits of Shilajit Archives - Xomorashro,,
category--best-shilajit,category,https://xomoashro.com/category/best-shilajit/,200,,Best Shilajit Archives - Xomorashro,35,,0,"index, follow, max-snippet:-1, max-video-preview:-1, max-image-preview:large",https://xomoashro.com/category/best-shilajit/,Blogs,232,Best Shilajit Archives - Xomorashro,,
category--pure-himalayan-shilajit,category,https://xomoashro.com/category/pure-himalayan-shilajit/,200,,Pure Himalayan Shilajit Archives - Xomorashro,45,,0,"index, follow, max-snippet:-1, max-video-preview:-1, max-image-preview:large",https://xomoashro.com/category/pure-himalayan-shilajit/,Blogs,232,Pure Himalayan Shilajit Archives - Xomorashro,,
category--shilajit-dosage,category,https://xomoashro.com/category/shilajit-dosage/,200,,Shilajit - Dosage Archives - Xomorashro,39,,0,"index, follow, max-snippet:-1, max-video-preview:-1, max-image-preview:large",https://xomoashro.com/category/shilajit-dosage/,Blogs,232,Shilajit - Dosage Archives - Xomorashro,,
category--shilajit-for-women,category,https://xomoashro.com/category/shilajit-for-women/,200,,Shilajit for Women Archives - Xomorashro,40,,0,"index, follow, max-snippet:-1, max-video-preview:-1, max-image-preview:large",https://xomoashro.com/category/shilajit-for-women/,Blogs,232,Shilajit for Women Archives - Xomorashro,,
category--uncategorized,category,https://xomoashro.com/category/uncategorized/,200,,Uncategorized Archives - Xomorashro,35,,0,"index, follow, max-snippet:-1, max-video-preview:-1, max-image-preview:large",https://xomoashro.com/category/uncategorized/,Blogs,232,Uncategorized Archives - Xomorashro,,
tag--himalayan-shilajit,tag,https://xomoashro.com/tag/himalayan-shilajit/,200,,Himalayan shilajit Archives - Xomorashro,40,,0,"index, follow, max-snippet:-1, max-video-preview:-1, max-image-preview:large",https://xomoashro.com/tag/himalayan-shilajit/,Blogs,242,Himalayan shilajit Archives - Xomorashro,,
tag--himalayan-shilajit-for-immunity,tag,https://xomoashro.com/tag/himalayan-shilajit-for-immunity/,200,,Himalayan shilajit for immunity Archives - Xomorashro,53,,0,"index, follow, max-snippet:-1, max-video-preview:-1, max-image-preview:large",https://xomoashro.com/tag/himalayan-shilajit-for-immunity/,Blogs,242,Himalayan shilajit for immunity Archives - Xomorashro,,
tag--natural-health-supplements,tag,https://xomoashro.com/tag/natural-health-supplements/,200,,Natural health supplements Archives - Xomorashro,48,,0,"index, follow, max-snippet:-1, max-video-preview:-1, max-image-preview:large",https://xomoashro.com/tag/natural-health-supplements/,Blogs,242,Natural health supplements Archives - Xomorashro,,
author--wp-support,author,https://xomoashro.com/author/wp-support/,200,,"wp-support, Author at Xomorashro",32,,0,"follow, noindex",,Blogs,232,"wp-support, Author at Xomorashro",,
real-404,404,https://xomoashro.com/this-page-does-not-exist-xyz/,404,,Page not found - Xomorashro,27,,0,"follow, noindex",,,17,Page not found - Xomorashro,,
search-results,search,https://xomoashro.com/?s=shilajit,200,,You searched for shilajit - Xomorashro,38,,0,"follow, noindex",,Blogs,232,You searched for shilajit - Xomorashro,,
