id,original_path,new_filename,intended_use,alt_text,dimensions,size_kb,old_pages_using_it,reuse,needs_reshoot
0,wordpress-site/assets/images/144319-min.jpg,,not used,,1500x989,157,1,no,Unrelated stock or template image
1,wordpress-site/assets/images/18516-min.jpg,,not used,,1500x1000,152,1,no,Unrelated stock or template image
2,wordpress-site/assets/images/202401-Shilajit-–-Dosage.jpg,xomoashro-journal-how-to-take-shilajit-featured.webp,blog: how-to-take-shilajit (featured),Jar of shilajit resin surrounded by herbs and flowers,1024x1024,171,13,yes,"yes: AI-generated illustration; acceptable for the journal only, replace with real photography over time"
3,wordpress-site/assets/images/31213-min.jpg,,not used,,1500x1001,112,1,no,Unrelated stock or template image
4,wordpress-site/assets/images/Aatshi-or-Agni-Shilajit.jpg,xomoashro-journal-best-shilajit-breakdown-aatshi-agni.webp,blog: best-shilajit-breakdown (inline),Shilajit being heated in a clay pot over a fire,1024x1024,177,1,yes,"yes: AI-generated illustration; acceptable for the journal only, replace with real photography over time"
5,wordpress-site/assets/images/Abdullah.png,xomoashro-customer-abdullah.webp,testimonial: Abdullah,"Abdullah, cricketer and Xomoashro customer",300x300,46,2,yes,no (shown at avatar size; orange background is baked in)
6,wordpress-site/assets/images/Aftabi-Shilajit.jpg,xomoashro-journal-best-shilajit-breakdown-aftabi.webp,blog: best-shilajit-breakdown (inline),Shilajit drying in sunlight in the mountains,1024x1024,211,1,yes,"yes: AI-generated illustration; acceptable for the journal only, replace with real photography over time"
7,wordpress-site/assets/images/Aids-Muscle-Recovery.jpg,xomoashro-journal-shilajit-benefits-for-men-muscle-recovery.webp,blog: shilajit-benefits-for-men (inline),Athletic man holding a jar of shilajit,1024x1024,179,1,yes,"yes: shirtless athlete imagery: avoid outside the journal; AI-generated illustration; acceptable for the journal only, replace with real photography over time"
8,wordpress-site/assets/images/Anaemia.jpg,xomoashro-journal-benefits-of-shilajit-for-women-anaemia.webp,blog: benefits-of-shilajit-for-women (inline),Illustration of a seated woman surrounded by blood cells,1024x1024,176,1,yes,"yes: AI-generated illustration; acceptable for the journal only, replace with real photography over time"
9,wordpress-site/assets/images/Benefits-of-Shilajit-for-Women-2-1.jpg,xomoashro-journal-benefits-of-shilajit-for-women-featured.webp,blog: benefits-of-shilajit-for-women (featured),Illustration of a woman meditating beside supplement jars,1024x1024,157,13,yes,"yes: AI-generated illustration; acceptable for the journal only, replace with real photography over time"
10,wordpress-site/assets/images/Benefits-of-Shilajit-for-Women-2.jpg,,not used,Benefits of Shilajit for Women,1024x1024,157,0,no,Unused duplicate or earlier version
11,wordpress-site/assets/images/Benefits-of-silajit-1.png,xomoashro-journal-what-is-shilajit-types-and-benefits-benefits-chart.webp,blog: what-is-shilajit-types-and-benefits (inline),Chart listing benefits of shilajit,1366x768,144,1,yes,"yes: contains benefit claims as text: review against content-fixes; AI-generated illustration; acceptable for the journal only, replace with real photography over time"
12,wordpress-site/assets/images/Benefits-of-silajit.png,,not used,,1366x768,144,0,no,Unused duplicate or earlier version
13,wordpress-site/assets/images/Boosting-Your-Immune-System.jpg,xomoashro-journal-shilajit-benefits-for-men-immune-system.webp,blog: shilajit-benefits-for-men (inline),Illustration of the human body surrounded by cells,1024x1024,309,1,yes,"yes: AI-generated illustration; acceptable for the journal only, replace with real photography over time"
14,wordpress-site/assets/images/Buy-Online-Salajeet-In-Pakistan.webp,,not used,,800x800,18,0,no,"Gold-lid jar on a pedestal with an unverifiable ""satisfaction"" seal; not used"
15,wordpress-site/assets/images/Buy-Online-Shilajeet-in-pakistan.webp,,not used,,1366x768,18,0,no,"Gold-lid jar on a pedestal with an unverifiable ""satisfaction"" seal; not used"
16,wordpress-site/assets/images/Contribution-to-Enhanced-Fertility.jpg,xomoashro-journal-shilajit-benefits-for-men-fertility.webp,blog: shilajit-benefits-for-men (inline),Decorative illustration with jars of shilajit,1024x1024,220,1,yes,"yes: AI-generated illustration; acceptable for the journal only, replace with real photography over time"
17,wordpress-site/assets/images/Ellipse-23.png,,not used,,43x43,3,1,no,Small UI graphic from the old design; replaced by the xo icon set or Shopify icons
18,wordpress-site/assets/images/Flex-Ad-Side-Bar.png,,not used,,405x350,238,0,no,Unrelated stock or template image
19,wordpress-site/assets/images/Food-Archive-Pic.png,,not used,,910x370,160,0,no,Unrelated stock or template image
20,wordpress-site/assets/images/Group-1000001393-min.png,,not used,Pure Himalayan Shilajit,460x439,63,0,no,Jar or tray with the old design background baked in; superseded
21,wordpress-site/assets/images/Group-1000001393.png,,not used,,460x439,251,0,no,Jar or tray with the old design background baked in; superseded
22,wordpress-site/assets/images/Group-1000001394-min.png,,not used,Bowls of raw shilajit pieces on a wooden tray,630x449,113,1,no,"Stock photo of a jelly dessert on a tray, not shilajit (checked 2026-10-07); must not be shown as shilajit"
23,wordpress-site/assets/images/Group-1000001394.png,,not used,Buy Shilajit,630x449,379,0,no,Jar or tray with the old design background baked in; superseded
24,wordpress-site/assets/images/Group-1000001400.jpg,,not used,,77x90,4,0,no,Small UI graphic from the old design; replaced by the xo icon set or Shopify icons
25,wordpress-site/assets/images/Group-1000001404.png,,not used,,70x70,0,2,no,Small UI graphic from the old design; replaced by the xo icon set or Shopify icons
26,wordpress-site/assets/images/Group-1000003287.png,,not used,,75x75,1,0,no,Small UI graphic from the old design; replaced by the xo icon set or Shopify icons
27,wordpress-site/assets/images/Group-1000003288.png,,not used,,75x75,1,0,no,Small UI graphic from the old design; replaced by the xo icon set or Shopify icons
28,wordpress-site/assets/images/Group-1000003289-1.png,,not used,,4536x1530,5208,0,no,Unrelated stock or template image
29,wordpress-site/assets/images/Group-1000003289.png,,not used,,4536x1530,5208,0,no,Unrelated stock or template image
30,wordpress-site/assets/images/Himaliyan-Shilajit-Xomoashro.com_.png,,not used,Himaliyan Shilajit. Pure Himaliyan Shilajit,1344x768,268,0,no,AI-generated promotional image (garbled label text or stock athlete); not used
31,wordpress-site/assets/images/Horo_image_xomoashro.png,,not used,,1344x768,298,2,no,AI-generated promotional image (garbled label text or stock athlete); not used
32,wordpress-site/assets/images/Hunza-Shilajit-Gilgit-Baltistan.webp,,not used,,1536x1024,42,1,no,AI-generated promotional image (garbled label text or stock athlete); not used
33,wordpress-site/assets/images/Khalid-Kurt.png,xomoashro-customer-asad.webp,testimonial: Asad (CONFIRM B8: file is named Khalid-Kurt),"Asad, Xomoashro customer",300x300,176,2,yes,CONFIRM identity before use
34,wordpress-site/assets/images/LEGIT.png,,not used,,222x58,2,0,no,Unrelated stock or template image
35,wordpress-site/assets/images/Lumint-ad-Side-Bar.png,,not used,,405x620,322,0,no,Unrelated stock or template image
36,wordpress-site/assets/images/Mineral-Pitch.png,xomoashro-journal-what-is-shilajit-types-and-benefits-mineral-pitch.webp,blog: what-is-shilajit-types-and-benefits (inline),Dark mineral rock formation in the mountains,360x540,442,1,yes,"yes: AI-generated illustration; acceptable for the journal only, replace with real photography over time"
37,wordpress-site/assets/images/Photo-11-removebg-preview.png,xomoashro-shilajit-resin-jar-cutout.webp,product: gallery candidate (black-lid jar cut-out),"Xomoashro shilajit resin jar, front view",374x666,24,0,yes,yes: small cut-out
38,wordpress-site/assets/images/Photo-4-removebg-preview-e1724185161552.png,xomoashro-shilajit-resin-jar-gold-lid-cutout.webp,product: CONFIRM B18 (gold-lid jar design),Xomoashro shilajit resin jar with gold lid,231x255,36,0,yes,CONFIRM which jar design is current
39,wordpress-site/assets/images/Pure-Himalayan-Shilajit.jpg,xomoashro-journal-pure-himalayan-shilajit-featured.webp,blog: pure-himalayan-shilajit (featured),Hand holding a jar of shilajit in front of Himalayan peaks,1024x1024,155,13,yes,"yes: AI-generated illustration; acceptable for the journal only, replace with real photography over time"
40,wordpress-site/assets/images/Pure-Shilajit-2.png,xomoashro-journal-what-is-shilajit-types-and-benefits-pure-resin.webp,blog: what-is-shilajit-types-and-benefits (inline),Two pieces of black raw shilajit,347x263,62,2,yes,"yes: AI-generated illustration; acceptable for the journal only, replace with real photography over time"
41,wordpress-site/assets/images/Pure-Shilajit.png,,not used,,360x540,268,0,no,Unused duplicate or earlier version
42,wordpress-site/assets/images/Purified-Shilajit.png,,not used,Dark shilajit resin in a small bowl with a spoonful beside it,740x494,438,1,no,"Stock photo of black caviar in a bowl, not shilajit (checked 2026-10-07); must not be shown as shilajit"
43,wordpress-site/assets/images/Rectangle-145-min.jpg,xomoashro-himalaya-mountains-banner.webp,section: partner / newsletter band background,Snow-covered mountain range,1512x412,49,2,yes,yes: 1512x412 and rights unknown
44,wordpress-site/assets/images/Rectangle-145.jpg,,not used,,1512x412,247,0,no,Unused duplicate or earlier version
45,wordpress-site/assets/images/Rectangle-39358.jpg,xomoashro-himalaya-mountains-dark-banner.webp,"section: page hero background (about, contact)",Snow-covered mountain range under a dark sky,1512x464,235,2,yes,yes: 1512px wide and rights unknown; replace with own Chitral or Gilgit-Baltistan photo
46,wordpress-site/assets/images/Rectangle-4560-min.jpg,,not used,XomoAshro Shilajit,508x326,40,0,no,Unrelated stock or template image
47,wordpress-site/assets/images/Rectangle-4560.jpg,,not used,pure shilajit,508x326,162,0,no,Unrelated stock or template image
48,wordpress-site/assets/images/Rock-Form-of-Shilajit-1.png,,not used,Rock Form of Shilajit,347x263,62,0,no,Unused duplicate or earlier version
49,wordpress-site/assets/images/Rock-Form-of-Shilajit-2.png,xomoashro-journal-what-is-shilajit-types-and-benefits-rock-form.webp,blog: what-is-shilajit-types-and-benefits (inline),Dark rock outcrop against a blue sky,360x540,312,1,yes,"yes: AI-generated illustration; acceptable for the journal only, replace with real photography over time"
50,wordpress-site/assets/images/Rock-Form-of-Shilajit-e1703709147360.png,,not used,Rock Form of Shilajit,347x263,67,0,no,Unused duplicate or earlier version
51,wordpress-site/assets/images/Shilajit-Benefits-for-Male-Reproductive-System-1.jpg,xomoashro-journal-male-reproductive-system-body.webp,blog: male-reproductive-system (inline),Illustration of a male figure with a glowing core,668x536,70,1,yes,"yes: AI-generated illustration; acceptable for the journal only, replace with real photography over time"
52,wordpress-site/assets/images/Shilajit-Benefits-for-Male-Reproductive-System.jpg,xomoashro-journal-male-reproductive-system-featured.webp,blog: male-reproductive-system (featured),Jar of shilajit on rocks with mountains behind,1024x1024,195,13,yes,"yes: AI-generated illustration; acceptable for the journal only, replace with real photography over time"
53,wordpress-site/assets/images/Shilajit-Benefits-for-Men.jpg,xomoashro-journal-shilajit-benefits-for-men-featured.webp,blog: shilajit-benefits-for-men (featured),Athletic man with a jar of shilajit,1024x1024,161,13,yes,"yes: shirtless athlete imagery: avoid outside the journal; AI-generated illustration; acceptable for the journal only, replace with real photography over time"
54,wordpress-site/assets/images/Shilajit-Dosage-1.jpg,xomoashro-journal-how-to-take-shilajit-jars-and-capsules.webp,blog: how-to-take-shilajit (inline),Jars of shilajit and supplements on a table,1024x1024,223,1,yes,"yes: AI-generated illustration; acceptable for the journal only, replace with real photography over time"
55,wordpress-site/assets/images/Shilajit-Dosage.jpg,,not used,,1024x1024,190,0,no,Unused duplicate or earlier version
56,wordpress-site/assets/images/Shilajit-During-Pregnancy-2.jpg,xomoashro-journal-shilajit-during-pregnancy-desk.webp,blog: shilajit-during-pregnancy (inline),Pregnant woman writing notes at a table with fruit and supplements,1024x1024,138,1,yes,"yes: pregnancy imagery next to supplements: owner review; AI-generated illustration; acceptable for the journal only, replace with real photography over time"
57,wordpress-site/assets/images/Shilajit-During-Pregnancy.jpg,xomoashro-journal-shilajit-during-pregnancy-featured.webp,blog: shilajit-during-pregnancy (featured),Pregnant woman and an older man reading supplement labels,1024x1024,159,24,yes,"yes: pregnancy imagery next to supplements: owner review; AI-generated illustration; acceptable for the journal only, replace with real photography over time"
58,wordpress-site/assets/images/Shilajit-Enhances-Skin-Health.jpg,xomoashro-journal-benefits-of-shilajit-for-women-skin-health.webp,blog: benefits-of-shilajit-for-women (inline),Woman at a spa holding a bottle of shilajit,1024x1024,165,1,yes,"yes: AI-generated illustration; acceptable for the journal only, replace with real photography over time"
59,wordpress-site/assets/images/Shilajit-form.jpg,xomoashro-journal-how-to-take-shilajit-forms.webp,blog: how-to-take-shilajit (inline),Different forms of shilajit in jars and bowls,1024x1024,226,1,yes,"yes: AI-generated illustration; acceptable for the journal only, replace with real photography over time"
60,wordpress-site/assets/images/Shilajit-–-Dosage.jpg,,not used,Shilajit – Dosage,1024x1024,171,0,no,Unused duplicate or earlier version
61,wordpress-site/assets/images/Shilajits-Impact-on-Testosterone-2.jpg,xomoashro-journal-shilajit-impact-on-testosterone-featured.webp,blog: shilajit-impact-on-testosterone (featured),Supplement bottle on a desk in front of bookshelves,1024x1024,146,24,yes,"yes: garbled label text (""Testotone Booster""): replace before publishing; AI-generated illustration; acceptable for the journal only, replace with real photography over time"
62,wordpress-site/assets/images/Shilajits-Impact-on-Testosterone.jpg,xomoashro-journal-shilajit-impact-on-testosterone-mountains.webp,blog: shilajit-impact-on-testosterone (inline),Illustration of an athletic figure against mountains and planets,1024x1024,264,1,yes,"yes: AI-generated illustration; acceptable for the journal only, replace with real photography over time"
63,wordpress-site/assets/images/Taimoor.png,xomoashro-customer-taimoor-khan.webp,testimonial: Taimoor Khan,"Taimoor Khan, professional boxer and Xomoashro customer",300x300,47,2,yes,no (shown at avatar size)
64,wordpress-site/assets/images/Types-of-Shilajit-1.png,xomoashro-journal-best-shilajit-breakdown-featured.webp,blog: best-shilajit-breakdown (featured),Different types of raw shilajit rock and resin laid out for comparison,1024x599,1036,22,yes,"yes: AI-generated illustration; acceptable for the journal only, replace with real photography over time"
65,wordpress-site/assets/images/benefits-section-image-1.png,xomoashro-shilajit-jar-leaves-wide.webp,section: about / our story,Xomoashro shilajit jar with raw resin and leaves on a white surface,1344x768,239,1,yes,yes: 1344x768 composite; replace with real photo
66,wordpress-site/assets/images/benefits_section_image-removebg-preview.png,,not used,,661x377,71,0,no,Unused duplicate or earlier version
67,wordpress-site/assets/images/benifits-of-shilajit.png,,not used,,800x2000,1685,0,no,Unused duplicate or earlier version
68,wordpress-site/assets/images/best-himaliyan-salajeet-Chitral.webp,,not used,,1056x992,41,0,no,"Gold-lid jar on a pedestal with an unverifiable ""satisfaction"" seal; not used"
69,wordpress-site/assets/images/chitral-shilajit.webp,xomoashro-shilajit-resin-jar-gold-lid.webp,"product: CONFIRM B18 (gold-lid jar design, looks rendered)",Xomoashro shilajit resin jar with gold lid on a white background,1536x1024,26,0,yes,CONFIRM which jar design is current; looks like a render
70,wordpress-site/assets/images/draft_8128437.png,,not used,,512x512,16,0,no,Unrelated stock or template image
71,wordpress-site/assets/images/hero-image-testing-new-6919539d8ccc6.webp,,not used,,800x800,17,0,no,Jar or tray with the old design background baked in; superseded
72,wordpress-site/assets/images/hero-image-testing-new.png,,not used,,800x800,559,0,no,Jar or tray with the old design background baked in; superseded
73,wordpress-site/assets/images/image_1__1_-removebg-preview-1-1.png,,not used,shilajit,314x459,143,0,no,Different product or brand packaging; not Xomoashro resin
74,wordpress-site/assets/images/image_1__1_-removebg-preview-1.png,,not used,,459x459,134,0,no,Different product or brand packaging; not Xomoashro resin
75,wordpress-site/assets/images/product3-1-removebg-preview-2.png,,not used,,560x560,88,0,no,Different product or brand packaging; not Xomoashro resin
76,wordpress-site/assets/images/product_shot-1.png,xomoashro-shilajit-resin-jar-with-raw-resin.webp,product: gallery image 2,Xomoashro shilajit jar beside raw shilajit resin pieces,1344x768,217,0,yes,"yes: low resolution, confirm it is a real photograph"
77,wordpress-site/assets/images/pure-himaliyan-shilajit-brand.png,,not used,,550x550,75,0,no,Different jar design (CONFIRM B18); not used unless confirmed current
78,wordpress-site/assets/images/pure-himaliyan-shilajit.png,,not used,,550x550,42,0,no,Different jar design (CONFIRM B18); not used unless confirmed current
79,wordpress-site/assets/images/pure-shilajit.png,,not used,,550x550,126,0,no,Different jar design (CONFIRM B18); not used unless confirmed current
80,wordpress-site/assets/images/shilajit.jpg,xomoashro-journal-what-is-shilajit-types-and-benefits-featured.webp,blog: what-is-shilajit-types-and-benefits (featured),Raw shilajit resin in a wooden bowl with a spoon,1024x1024,193,13,yes,"yes: AI-generated illustration; acceptable for the journal only, replace with real photography over time"
81,wordpress-site/assets/images/transparent.png,,not used,,800x800,308,0,no,AI-generated promotional image (garbled label text or stock athlete); not used
82,wordpress-site/assets/images/ttttttttttttttttt-69195472319c9.webp,,not used,,800x800,17,1,no,Jar or tray with the old design background baked in; superseded
83,wordpress-site/assets/images/visa_5968397.png,,not used,,512x512,15,0,no,Small UI graphic from the old design; replaced by the xo icon set or Shopify icons
84,wordpress-site/assets/images/woocommerce-placeholder.png,,not used,,1200x1200,100,0,no,Unrelated stock or template image
85,wordpress-site/assets/images/xomoashro_pure_Himaliyan_shilajit.png,xomoashro-shilajit-resin-jar-front.webp,product: main image (black-lid jar); hero fallback,Xomoashro Pure Himalayan Shilajit resin jar with raw shilajit pieces and green leaves,735x582,193,3,yes,"yes: only 735x582, too small for a product gallery or hero"
86,wordpress-site/assets/images/xomorashro-7EdGvhoJl21EJ-scaled.jpg,,not used,,2560x1050,403,0,no,Unrelated stock or template image
87,wordpress-site/assets/images/xomorashro-7EdGvhoJl21EJ_11zon.jpg,,not used,,1593x653,46,0,no,Unrelated stock or template image
88,wordpress-site/assets/images/xomorashro-CYR7LI0jyGtZC2-scaled-min_11zon-1.jpg,,not used,,2048x840,64,0,no,Unrelated stock or template image
89,wordpress-site/assets/images/xomorashro-CYR7LI0jyGtZC2-scaled-min_11zon.jpg,,not used,,2048x840,64,0,no,Unrelated stock or template image
90,wordpress-site/assets/images/xomorashro-CYR7LI0jyGtZC2-scaled.jpg,,not used,,2560x1050,410,0,no,Unrelated stock or template image
91,wordpress-site/assets/images/xomorashro-NZMBGnYxqWJ-scaled-min_11zon-1.jpg,,not used,,2048x840,72,0,no,Unrelated stock or template image
92,wordpress-site/assets/images/xomorashro-NZMBGnYxqWJ-scaled-min_11zon.jpg,,not used,,2048x840,72,0,no,Unrelated stock or template image
93,wordpress-site/assets/images/xomorashro-NZMBGnYxqWJ-scaled.jpg,,not used,,2560x1050,426,0,no,Unrelated stock or template image
94,wordpress-site/assets/svg/11667278_20945983.svg,,not used,,,155,0,no,Stock illustration; not used
95,wordpress-site/assets/svg/12661264_fast_delivery_truck_logistics_cargo_icon.svg,,not used,,,2,0,no,"Icon from a mixed third-party pack (licence unknown, inconsistent style); replaced by the new xo icon set"
96,wordpress-site/assets/svg/12661403_money_back_guarantee_return_refund_icon.svg,,not used,,,1,0,no,"Icon from a mixed third-party pack (licence unknown, inconsistent style); replaced by the new xo icon set"
97,wordpress-site/assets/svg/4023885_battery_electric_energy_storage_icon.svg,,not used,,,1,0,no,"Icon from a mixed third-party pack (licence unknown, inconsistent style); replaced by the new xo icon set"
98,wordpress-site/assets/svg/4753035_bolt_flashlight_lightning_power_thunder_icon.svg,,not used,,,0,0,no,"Icon from a mixed third-party pack (licence unknown, inconsistent style); replaced by the new xo icon set"
99,wordpress-site/assets/svg/5994910_health_healthy_heart_strength_strong_icon.svg,,not used,,,2,0,no,"Icon from a mixed third-party pack (licence unknown, inconsistent style); replaced by the new xo icon set"
100,wordpress-site/assets/svg/6075184_covid_immunity_infection_lineal_prevent_icon.svg,,not used,,,2,0,no,"Icon from a mixed third-party pack (licence unknown, inconsistent style); replaced by the new xo icon set"
101,wordpress-site/assets/svg/6989125_prevention_lung_healthcare_immune_resistance_icon.svg,,not used,,,4,0,no,"Icon from a mixed third-party pack (licence unknown, inconsistent style); replaced by the new xo icon set"
102,wordpress-site/assets/svg/7195750_ageing_population_youth_crisis_statistic_icon.svg,,not used,,,6,0,no,"Icon from a mixed third-party pack (licence unknown, inconsistent style); replaced by the new xo icon set"
103,wordpress-site/assets/svg/7581544_cash-on-delivery_cash_payment_shipping_courier_icon.svg,,not used,,,2,0,no,"Icon from a mixed third-party pack (licence unknown, inconsistent style); replaced by the new xo icon set"
104,wordpress-site/assets/svg/8665077_brain_organ_mind_icon.svg,,not used,,,0,0,no,"Icon from a mixed third-party pack (licence unknown, inconsistent style); replaced by the new xo icon set"
105,wordpress-site/assets/svg/9035812_fitness_sharp_icon.svg,,not used,,,0,0,no,"Icon from a mixed third-party pack (licence unknown, inconsistent style); replaced by the new xo icon set"
106,wordpress-site/assets/svg/9054987_bx_support_icon.svg,,not used,,,0,0,no,"Icon from a mixed third-party pack (licence unknown, inconsistent style); replaced by the new xo icon set"
107,wordpress-site/assets/svg/9650653_7797.svg,,not used,,,94,0,no,Stock illustration; not used
108,wordpress-site/assets/svg/Arrow-4.svg,,not used,,,0,0,no,Decorative shape from the old Elementor design; not used
109,wordpress-site/assets/svg/Asset-22.svg,xomoashro-logo-mark-square.svg,logo: favicon,Xomoashro logo,,5,0,yes,no
110,wordpress-site/assets/svg/Asset-23.svg,xomoashro-logo-stacked.svg,"logo: stacked, dark text",Xomoashro logo,,5,0,yes,no
111,wordpress-site/assets/svg/Asset-24.svg,xomoashro-logo-horizontal.svg,"logo: horizontal, dark text (header)",Xomoashro,,5,43,yes,no
112,wordpress-site/assets/svg/Asset-25.svg,xomoashro-logo-stacked-white.svg,"logo: stacked, white text (footer)",Xomoashro logo,,5,3,yes,no
113,wordpress-site/assets/svg/Asset-26.svg,xomoashro-logo-horizontal-white.svg,"logo: horizontal, white text",Xomoashro,,5,0,yes,no
114,wordpress-site/assets/svg/Blob-Group.svg,,not used,,,1,0,no,Decorative shape from the old Elementor design; not used
115,wordpress-site/assets/svg/Group-1000001416.svg,,not used,,,8,0,no,Decorative shape from the old Elementor design; not used
116,wordpress-site/assets/svg/Group-1000001417.svg,,not used,,,1,0,no,Decorative shape from the old Elementor design; not used
117,wordpress-site/assets/svg/Group-1000001418.svg,,not used,,,11,0,no,Decorative shape from the old Elementor design; not used
118,wordpress-site/assets/svg/Group-1000001419.svg,,not used,,,12,0,no,Decorative shape from the old Elementor design; not used
119,wordpress-site/assets/svg/Group-1000003286.svg,,not used,,,0,0,no,Decorative shape from the old Elementor design; not used
120,wordpress-site/assets/svg/Group-1000003287.svg,,not used,,,0,0,no,Decorative shape from the old Elementor design; not used
121,wordpress-site/assets/svg/Group-1000003288.svg,,not used,,,2,0,no,Decorative shape from the old Elementor design; not used
122,wordpress-site/assets/svg/Group.svg,,not used,,,2,0,no,Decorative shape from the old Elementor design; not used
123,wordpress-site/assets/svg/Sprinkle.svg,,not used,,,11,0,no,Decorative shape from the old Elementor design; not used
124,wordpress-site/assets/svg/Vector.svg,,not used,,,2,0,no,Decorative shape from the old Elementor design; not used
125,wordpress-site/assets/svg/World-Map.svg,,not used,,,168,1,no,Decorative shape from the old Elementor design; not used
126,wordpress-site/assets/svg/cashondelivery_color.svg,xomoashro-cash-on-delivery-mark.svg,ui: Cash on Delivery mark (reference; redraw in xo icon set),Cash on delivery,,3,0,yes,no (redrawn)
127,wordpress-site/assets/svg/icons8-energy-drink-50.svg,,not used,,,1,0,no,"Icon from a mixed third-party pack (licence unknown, inconsistent style); replaced by the new xo icon set"
128,wordpress-site/assets/svg/icons8-fit-50.svg,,not used,,,1,0,no,"Icon from a mixed third-party pack (licence unknown, inconsistent style); replaced by the new xo icon set"
129,wordpress-site/assets/svg/icons8-flash-32.svg,,not used,,,0,0,no,"Icon from a mixed third-party pack (licence unknown, inconsistent style); replaced by the new xo icon set"
130,wordpress-site/assets/svg/icons8-immune-system-64.svg,,not used,,,7,0,no,"Icon from a mixed third-party pack (licence unknown, inconsistent style); replaced by the new xo icon set"
131,wordpress-site/assets/svg/icons8-immunity-64-1.svg,,not used,,,3,0,no,"Icon from a mixed third-party pack (licence unknown, inconsistent style); replaced by the new xo icon set"
132,wordpress-site/assets/svg/icons8-immunity-64-2.svg,,not used,,,3,0,no,"Icon from a mixed third-party pack (licence unknown, inconsistent style); replaced by the new xo icon set"
133,wordpress-site/assets/svg/icons8-immunity-64.svg,,not used,,,3,0,no,"Icon from a mixed third-party pack (licence unknown, inconsistent style); replaced by the new xo icon set"
134,wordpress-site/assets/svg/icons8-life-cycle-50.svg,,not used,,,2,0,no,"Icon from a mixed third-party pack (licence unknown, inconsistent style); replaced by the new xo icon set"
135,wordpress-site/assets/svg/icons8-weightlifting-50.svg,,not used,,,3,0,no,"Icon from a mixed third-party pack (licence unknown, inconsistent style); replaced by the new xo icon set"
136,wordpress-site/assets/svg/mastercardcolor.svg,,not used,,,5,0,no,Payment mark; Shopify's own payment icons are used instead
137,wordpress-site/assets/svg/securecheckout_color.svg,,not used,,,4,0,no,Payment mark; Shopify's own payment icons are used instead
138,wordpress-site/assets/svg/tick_icon.svg,,not used,,,1,0,no,"Icon from a mixed third-party pack (licence unknown, inconsistent style); replaced by the new xo icon set"
139,wordpress-site/assets/svg/visa1color.svg,,not used,,,1,0,no,Payment mark; Shopify's own payment icons are used instead
140,wordpress-site/assets/svg/visa_2_color.svg,,not used,,,1,0,no,Payment mark; Shopify's own payment icons are used instead
