new_filename,original_path,original_kb,optimized_kb,original_size,optimized_size,note
xomoashro-journal-how-to-take-shilajit-featured.webp,wordpress-site/assets/images/202401-Shilajit-–-Dosage.jpg,171,120,1024x1024,1024x1024,
xomoashro-journal-best-shilajit-breakdown-aatshi-agni.webp,wordpress-site/assets/images/Aatshi-or-Agni-Shilajit.jpg,178,134,1024x1024,1024x1024,
xomoashro-customer-abdullah.webp,wordpress-site/assets/images/Abdullah.png,47,12,300x300,300x300,
xomoashro-journal-best-shilajit-breakdown-aftabi.webp,wordpress-site/assets/images/Aftabi-Shilajit.jpg,212,166,1024x1024,1024x1024,
xomoashro-journal-shilajit-benefits-for-men-muscle-recovery.webp,wordpress-site/assets/images/Aids-Muscle-Recovery.jpg,179,123,1024x1024,1024x1024,
xomoashro-journal-benefits-of-shilajit-for-women-anaemia.webp,wordpress-site/assets/images/Anaemia.jpg,177,119,1024x1024,1024x1024,
xomoashro-journal-benefits-of-shilajit-for-women-featured.webp,wordpress-site/assets/images/Benefits-of-Shilajit-for-Women-2-1.jpg,158,100,1024x1024,1024x1024,
xomoashro-journal-what-is-shilajit-types-and-benefits-benefits-chart.webp,wordpress-site/assets/images/Benefits-of-silajit-1.png,144,27,1366x768,1366x768,
xomoashro-journal-shilajit-benefits-for-men-immune-system.webp,wordpress-site/assets/images/Boosting-Your-Immune-System.jpg,310,278,1024x1024,1024x1024,
xomoashro-journal-shilajit-benefits-for-men-fertility.webp,wordpress-site/assets/images/Contribution-to-Enhanced-Fertility.jpg,220,180,1024x1024,1024x1024,
xomoashro-raw-shilajit-tray.webp,wordpress-site/assets/images/Group-1000001394-min.png,113,39,630x449,630x449,
xomoashro-customer-asad.webp,wordpress-site/assets/images/Khalid-Kurt.png,176,14,300x300,300x300,
xomoashro-journal-what-is-shilajit-types-and-benefits-mineral-pitch.webp,wordpress-site/assets/images/Mineral-Pitch.png,443,40,360x540,360x540,
xomoashro-shilajit-resin-jar-cutout.webp,wordpress-site/assets/images/Photo-11-removebg-preview.png,25,5,374x666,374x666,
xomoashro-shilajit-resin-jar-gold-lid-cutout.webp,wordpress-site/assets/images/Photo-4-removebg-preview-e1724185161552.png,36,4,231x255,231x255,
xomoashro-journal-pure-himalayan-shilajit-featured.webp,wordpress-site/assets/images/Pure-Himalayan-Shilajit.jpg,156,112,1024x1024,1024x1024,
xomoashro-journal-what-is-shilajit-types-and-benefits-pure-resin.webp,wordpress-site/assets/images/Pure-Shilajit-2.png,63,8,347x263,347x263,
xomoashro-shilajit-resin-in-bowl.webp,wordpress-site/assets/images/Purified-Shilajit.png,439,32,740x494,740x494,
xomoashro-himalaya-mountains-banner.webp,wordpress-site/assets/images/Rectangle-145-min.jpg,50,27,1512x412,1512x412,
xomoashro-himalaya-mountains-dark-banner.webp,wordpress-site/assets/images/Rectangle-39358.jpg,235,24,1512x464,1512x464,
xomoashro-journal-what-is-shilajit-types-and-benefits-rock-form.webp,wordpress-site/assets/images/Rock-Form-of-Shilajit-2.png,313,22,360x540,360x540,
xomoashro-journal-male-reproductive-system-body.webp,wordpress-site/assets/images/Shilajit-Benefits-for-Male-Reproductive-System-1.jpg,70,45,668x536,668x536,
xomoashro-journal-male-reproductive-system-featured.webp,wordpress-site/assets/images/Shilajit-Benefits-for-Male-Reproductive-System.jpg,195,154,1024x1024,1024x1024,
xomoashro-journal-shilajit-benefits-for-men-featured.webp,wordpress-site/assets/images/Shilajit-Benefits-for-Men.jpg,161,108,1024x1024,1024x1024,
xomoashro-journal-how-to-take-shilajit-jars-and-capsules.webp,wordpress-site/assets/images/Shilajit-Dosage-1.jpg,224,176,1024x1024,1024x1024,
xomoashro-journal-shilajit-during-pregnancy-desk.webp,wordpress-site/assets/images/Shilajit-During-Pregnancy-2.jpg,139,90,1024x1024,1024x1024,
xomoashro-journal-shilajit-during-pregnancy-featured.webp,wordpress-site/assets/images/Shilajit-During-Pregnancy.jpg,160,109,1024x1024,1024x1024,
xomoashro-journal-benefits-of-shilajit-for-women-skin-health.webp,wordpress-site/assets/images/Shilajit-Enhances-Skin-Health.jpg,166,114,1024x1024,1024x1024,
xomoashro-journal-how-to-take-shilajit-forms.webp,wordpress-site/assets/images/Shilajit-form.jpg,227,188,1024x1024,1024x1024,
xomoashro-journal-shilajit-impact-on-testosterone-featured.webp,wordpress-site/assets/images/Shilajits-Impact-on-Testosterone-2.jpg,146,93,1024x1024,1024x1024,
xomoashro-journal-shilajit-impact-on-testosterone-mountains.webp,wordpress-site/assets/images/Shilajits-Impact-on-Testosterone.jpg,265,233,1024x1024,1024x1024,
xomoashro-customer-taimoor-khan.webp,wordpress-site/assets/images/Taimoor.png,48,12,300x300,300x300,
xomoashro-journal-best-shilajit-breakdown-featured.webp,wordpress-site/assets/images/Types-of-Shilajit-1.png,1037,104,1024x599,1024x599,
xomoashro-shilajit-jar-leaves-wide.webp,wordpress-site/assets/images/benefits-section-image-1.png,239,17,1344x768,1344x768,
xomoashro-shilajit-resin-jar-gold-lid.webp,wordpress-site/assets/images/chitral-shilajit.webp,26,26,1536x1024,1536x1024,
xomoashro-shilajit-resin-jar-with-raw-resin.webp,wordpress-site/assets/images/product_shot-1.png,217,24,1344x768,1344x768,
xomoashro-journal-what-is-shilajit-types-and-benefits-featured.webp,wordpress-site/assets/images/shilajit.jpg,194,152,1024x1024,1024x1024,
xomoashro-shilajit-resin-jar-front.webp,wordpress-site/assets/images/xomoashro_pure_Himaliyan_shilajit.png,194,20,735x582,735x582,
xomoashro-logo-mark-square.svg,wordpress-site/assets/svg/Asset-22.svg,6,6,,,SVG copied unchanged
xomoashro-logo-stacked.svg,wordpress-site/assets/svg/Asset-23.svg,6,6,,,SVG copied unchanged
xomoashro-logo-horizontal.svg,wordpress-site/assets/svg/Asset-24.svg,6,6,,,SVG copied unchanged
xomoashro-logo-stacked-white.svg,wordpress-site/assets/svg/Asset-25.svg,6,6,,,SVG copied unchanged
xomoashro-logo-horizontal-white.svg,wordpress-site/assets/svg/Asset-26.svg,6,6,,,SVG copied unchanged
xomoashro-cash-on-delivery-mark.svg,wordpress-site/assets/svg/cashondelivery_color.svg,3,3,,,SVG copied unchanged
